{
    "args": {
        "audio_backend": "soundfile",
        "bandwidth": 16000,
        "batch_size": 16,
        "checkpoint": null,
        "dataset": "aligned",
        "debug": false,
        "epochs": 1000,
        "hidden_size": 512,
        "input_file": "mix.flac",
        "lr": 0.001,
        "lr_decay_gamma": 0.3,
        "lr_decay_patience": 80,
        "model": null,
        "nb_channels": 2,
        "nb_workers": 0,
        "nfft": 2048,
        "nhop": 1024,
        "no_cuda": false,
        "output": "open-unmix",
        "output_file": "guitar.flac",
        "patience": 140,
        "quiet": false,
        "root": "data",
        "seed": 42,
        "seq_dur": 6.0,
        "target": "guitar",
        "unidirectional": false,
        "weight_decay": 1e-05
    },
    "best_epoch": 77,
    "best_loss": 0.21008832140363787,
    "commit": "fb672c9",
    "epochs_trained": 93,
    "num_bad_epochs": 16,
    "train_loss_history": [
        4.2844260607236695,
        2.1204233169555664,
        1.6947194485016812,
        1.4863142179854123,
        1.3749995283138605,
        1.3225532291847983,
        1.204154269930757,
        1.1773593955569797,
        1.1492519474323886,
        1.0910671905235008,
        1.0430937946578602,
        0.9801276782412588,
        1.0340101932301933,
        1.0062497552530265,
        0.9736401188520738,
        0.920937086329048,
        1.0102987064991469,
        1.0744491035555617,
        1.0288120957068454,
        0.9867535086325657,
        0.9764762439845521,
        0.9559346680287961,
        0.9097655444969366,
        0.8775908358303117,
        0.8760554282753555,
        0.870727511835687,
        0.8571506929986271,
        0.8506014678213332,
        0.8872306678030226,
        0.8589902582727833,
        0.8267571881965354,
        0.8502458760767807,
        0.8360290269792816,
        0.8484912595631163,
        0.8426742057005564,
        0.8119981892314958,
        0.8078508575757345,
        0.8198954440929271,
        0.8193297761457937,
        0.7886360140494358,
        0.7912703193264243,
        0.8274695130042088,
        0.7906108498573303,
        0.7931376599971159,
        0.7966938607486678,
        0.7724211043045844,
        0.7948064818794345,
        0.7857560736161692,
        0.7930362607225959,
        0.7878103565286707,
        0.7707563616611339,
        0.7792107337786828,
        0.75459548941365,
        0.7556327724898303,
        0.7572143140398426,
        0.7547280391057333,
        0.7725603841705087,
        0.7925221243022401,
        0.7669489015767603,
        0.7465996142522788,
        0.7718342634630792,
        0.7460557498313762,
        0.7316920054547581,
        0.7377603065084528,
        0.755885930708897,
        0.7248527190567534,
        0.7297487052870385,
        0.7233151256302257,
        0.7315813001291251,
        0.7235136010028698,
        0.7457003729578889,
        0.7257983327647786,
        0.7146914432078232,
        0.7243490277984996,
        0.7083711741883078,
        0.7188375732045115,
        0.7005613254912105,
        0.6996825996004505,
        0.7180825354140482,
        0.6945875879423118,
        0.7051679951909148,
        0.7088080247243246,
        0.6849402038403499,
        0.6955457263522677,
        0.6990511108327795,
        0.7159652949115376,
        0.6958771811591254,
        0.6897535070225045,
        0.6811896231439378,
        0.6975900788366058,
        0.7059661425926067,
        0.6721047549336044,
        0.6781196539048795
    ],
    "train_time_history": [
        119.83815360069275,
        63.19858908653259,
        64.09495663642883,
        65.34884929656982,
        65.16033792495728,
        66.84048461914062,
        65.90427470207214,
        66.26028370857239,
        65.55577731132507,
        65.9752242565155,
        66.50884580612183,
        78.59147357940674,
        75.05518317222595,
        70.95173215866089,
        70.81042194366455,
        68.99096870422363,
        67.94933843612671,
        67.15137314796448,
        67.19200110435486,
        66.55075454711914,
        65.78658533096313,
        65.48741388320923,
        66.3806791305542,
        67.12986469268799,
        67.50785207748413,
        67.25142049789429,
        67.53079175949097,
        65.64788579940796,
        66.7195074558258,
        69.12444114685059,
        68.70722723007202,
        68.87094926834106,
        69.81278133392334,
        69.14626455307007,
        68.33190298080444,
        70.65673685073853,
        70.28782105445862,
        69.28904366493225,
        68.73330426216125,
        69.62729978561401,
        68.83256149291992,
        69.896817445755,
        68.0102186203003,
        67.32430148124695,
        67.75391817092896,
        67.85422587394714,
        68.03094673156738,
        67.55212068557739,
        69.23943090438843,
        67.93611001968384,
        70.77559232711792,
        69.91616368293762,
        68.40682601928711,
        68.71044898033142,
        69.66477251052856,
        69.0165331363678,
        69.43992495536804,
        68.87052369117737,
        68.67466568946838,
        69.63792610168457,
        71.49539375305176,
        68.81965398788452,
        69.59121799468994,
        76.53583645820618,
        83.20367193222046,
        74.72853302955627,
        69.25801992416382,
        68.73182201385498,
        69.26297044754028,
        67.0222680568695,
        67.24206066131592,
        66.66882038116455,
        66.18145227432251,
        66.04128336906433,
        66.05450129508972,
        67.40006971359253,
        66.59697341918945,
        68.283371925354,
        66.04945254325867,
        65.88597583770752,
        69.01814985275269,
        66.13949871063232,
        65.87075161933899,
        66.45181393623352,
        66.37510538101196,
        65.94887137413025,
        67.40611863136292,
        66.38131022453308,
        67.95647144317627,
        69.73018956184387,
        67.6622052192688,
        68.96543169021606
    ],